A,B,C
3.89043433415826,2.931623450657837,-2.1125797118534955
2.9149776259896956,23.616527939514963,-2.4280074166197663
3.1995989320753733,6.63143822174078,1.0099673570370196
2.1388027081838916,3.017254038179327,5.0432133495225475
3.2716717188901434,0.9981521628791247,0.8373298943679679
4.302567470035811,0.3773969053370486,-2.932552995838484
3.9383996406547075,1.079253334182694,-1.4607408731875071
3.204858869099495,6.307336839766322,-0.034398628643111384
2.59304494607366,4.393023323069033,-0.42368747802201645
-0.3510736473362561,4.286225908349139,-2.441109008262294
5.329039354050198,0.09218999962331081,-5.016953943263146
3.799945889542086,0.994042265762686,-0.05096019981233735
3.1303035453043053,10.419208079601143,-2.801809969786226
2.0551919442672726,5.807071535654503,-1.1453331939612503
1.9572070145028615,9.187701626060338,0.781692132480055
1.1332332145548636,0.25707193632136205,-2.5097414185374904
3.6714398189601276,14.505472209063681,-2.749183432759597
2.4685707928679257,7.848542561183457,-2.817008363424151
3.3796795904724526,6.360725521646005,1.1662166018202966
4.470114857144106,3.138226822783104,1.1899428776104966
2.4157811820674024,0.30310414641302397,-2.093217337957525
4.462340892952513,10.487521999652742,-0.6335042740673194
3.1493172165774097,5.475124172243623,-1.7364391417645058
2.606365132556886,10.272165167075212,0.8328453119989394
3.6173017139325228,1.886417330374641,-1.5550449867000373
1.771540670702147,2.3031609772330324,-0.20026689775095396
3.380347329062012,3.1952672782264484,-0.046100723331907956
4.108222718979102,0.3421919729938492,-3.4314041137403133
2.5008434945362947,2.487622535293008,-1.9754685253712907
1.4558305352368635,3.0973660775684846,0.5958352797621784
3.933330229962013,6.600149274351391,-0.2235334132770832
2.1058584017936424,0.9833283803511212,1.4103965472070703
3.264952438222177,3.547294754122924,1.124141395587741
4.863411496177132,1.0336267000443309,-3.830966069051616
3.1484952581053576,2.275606685938048,-0.446504084387242
3.457157440944459,0.36889488697486034,-1.1295607144126756
3.720459516766936,2.966148522043314,-0.6709275291201895
3.8208443780374637,1.2078022949876965,-2.574712258211055
2.988029575103341,3.0427967307605677,0.00025725535063769733
2.591429909636622,5.676972972114388,0.3840432414673709
3.3775890972428275,4.737489640012026,-1.3324872233174068
3.8941270136677746,7.019855484878904,0.5749135504579757
1.1164866504620363,4.309594707541784,-0.8895649552720887
3.755373168789951,0.4327234324924429,-2.2877809904831947
4.911628496528908,4.398093004523277,0.241967078074101
3.2541644233501326,1.679213353851921,-3.7957955345170538
1.845298551375571,0.5734109383018644,-1.9860004102503412
4.02469022858088,12.893822919458247,0.4662544564193307
3.361462226342119,5.110085196825114,-3.1363375892301857
3.43706199446171,4.40070267228315,-1.5456558998200989
2.991434867736234,4.339044608652159,-2.529810413181269
3.3689562867355565,14.206858002893597,-2.247799881316964
3.4739643807816947,0.5603579907165837,0.7197208835507354
2.6894633512720247,8.701572740030578,-1.7779076069514503
3.0589988180262706,8.84392284983021,0.36615929878183806
3.207019097725717,1.5841144316476707,-2.976430483940768
3.378051377012022,1.0848250393155037,-2.1602059728010756
2.7029073154201733,6.046652085949146,-1.5584854256490743
1.361937395755572,1.2897168874293365,-1.8548500857411874
3.875375846191833,11.357305608176445,4.114926782210062
2.3940174195736956,1.3589988720042485,-1.7577272283757943
3.9241309981025605,6.387194910571791,1.504277373351393
3.2234883012997426,0.5450718286460473,-0.6284169810333968
3.531535439952785,2.6277214798676543,-2.6045619219109293
3.7033148587897546,0.37450431746957386,-5.528024694001776
2.790866675633968,1.0655969174823214,-0.8788587792030524
3.2501934696558386,30.022666661819223,1.1321239377425756
1.7787551208153172,1.6075952728486844,-4.857728377439044
3.8592445841131835,7.436816452749858,-2.7624550600493145
1.6014749932415075,1.8651987319741625,-3.832221355187734
4.1659012288836115,6.034938144020742,0.8634336747856259
4.617115561904527,2.7489976539438277,1.001380367256925
3.1030340458616905,0.8879478111565776,-3.4239715025809625
3.0135765765923743,2.5713670082862166,3.7249212852133224
1.8057429992066774,3.4229046028695462,0.19903784311278483
2.1208728391772307,2.6967682569219793,-1.67400783168189
2.2052501622331158,0.6986259673152989,-1.1427241773551797
2.5336999954662662,16.28450571499649,-3.241314555374458
2.1322148381295514,5.109098516028572,2.193382659168038
3.418654382930955,0.6324779028673453,0.609708209957722
2.2610489570196446,0.07004759328126249,0.7944782852085459
3.4204932594362893,1.0580756939364928,-5.6576915276504005
1.9935944202916076,5.129933186477743,-2.9340549088961456
4.440431224868236,8.154768648920975,-2.563701938284016
3.7065702213437715,4.0839845138957775,0.5779716730197879
2.7609239121004703,5.50904451567876,-0.49927898712151697
3.0491932410423703,6.500124476633929,-2.0706363272136077
2.3481661997191314,11.096066107980091,-1.4002010323037868
2.294588706687094,2.2036975673802237,-3.996207068446031
2.671315550230776,3.112476958499484,-1.8893621314103441
3.13418398484626,3.200994405581949,1.291561914715627
2.7424113387944087,2.0811808387777604,-3.9845927812868918
3.511950169979876,8.862084986228208,4.3333285371097965
4.396845929452029,3.0998314401904574,-0.6464811114027516
5.437268702970572,3.973520114150168,-1.14533509380168
4.443407734225054,1.0388109309503566,1.4923534657290096
3.6113051514571466,1.172978354558833,-1.411927727615313
2.29766205528559,0.5940199183152912,-4.50756555566049
0.7487227261247953,0.43418832514858346,-3.2577563759840857
1.421858158009695,0.5012676981029628,-2.222528002863074
2.1992436472356145,4.466081940141938,-1.2955311678932193
2.5681997173915243,0.18031761174768696,0.6232600961027099
3.8316148309958327,8.416775686242573,1.2813309060362221
2.513601773078656,7.4458087336307655,-3.67632158905628
3.7834148029085473,0.5151965122908209,2.113249392792794
3.167845788083531,1.7030652308242034,-2.584321228925332
3.1622455306345776,4.851304003303437,-4.500392355135832
2.712499186001666,5.50479662536892,-1.6468646624195233
2.506726157092152,9.266290474476369,-3.5700453854555527
2.4693714541476277,4.078390742710487,-1.6674209094562995
1.7632861204394867,2.075949919681884,-2.5936983242672023
3.8141442087245476,0.8028829077924993,-1.391855061347075
2.703529286997941,1.8505297199859978,1.3707713387321627
2.903178521459395,2.6818706793290543,1.5276385717538288
4.054747301479732,11.369079262495013,3.881216989997214
1.3114285505911796,3.671602143522138,4.248812143043396
2.2501564691693705,14.2194396073238,-0.5904178921348768
0.5837396219730309,1.7571816108215508,1.2386644724413913
3.1323906744412384,4.519816732674403,-0.7981049569256655
3.3213633671100644,1.7960963587361045,-1.7040361978406047
3.735250152767477,0.18463680155236672,3.171774446873588
2.2815878645830003,7.5071274855392245,0.9854813237034954
3.1601166733729373,3.702728030701316,-1.5400648523169864
3.2323704312524724,1.2026301185041885,-0.3512467324838605
2.252118437536037,2.9446448317758307,0.4822347011434547
2.478006556837303,5.434041784339586,-0.5925149944811352
2.653581083846285,14.518157874719309,0.5093690321837756
3.470897387820976,1.4525116243682783,-5.674534100891193
3.9477883933501032,10.419845375325565,1.2228489077071556
3.3902229013809126,17.572914002770492,-1.4313568893417208
4.331678350316572,1.885669649864274,-2.9028508634228283
2.6706120846671983,5.8276881273156285,-0.37100015764204197
2.7468888264166336,6.074880567389915,1.278206537434655
4.702975488730091,4.6886998824188915,3.176461577718001
2.084017727376769,0.4237338451054865,-2.842474186254589
3.3649944233196676,3.6027285465516385,-0.7718449248139034
3.009228596359637,1.5197966447448779,-3.1795067086360516
3.0425319539432225,4.905765000721868,-1.8161583087096156
4.481083436280382,5.8768269007585205,-2.0601231801377153
5.597698303009631,0.828124530079703,-0.91198687122261
3.906180283327923,7.508793617861907,-2.5454068559187304
1.849085137882505,0.4866449351683854,-0.8778203948446599
2.200240371484171,1.5343046698032212,-0.9441050195841225
3.1920146384086006,6.98512574655152,-5.188145313211927
3.819154278026407,13.101222936533876,-2.7850688149625817
2.6158084946297,11.662953593505057,-0.7679330163730191
1.2839478941022815,3.166385989268257,0.25172464479940837
2.346920273133687,2.021155602308347,1.7784833458695437
2.5602836305248964,0.27102867205371417,-1.8346417165480489
3.3756361042460683,1.1804046763392981,1.0140145773133566
3.072764257285363,4.636310795686678,-1.0848789847385543
3.3119561031454174,1.9289153136959725,-4.250217731757725
3.539139334239035,19.4840521751186,1.69867644738618
1.7267371744037692,11.471922153986263,-4.2684523489898964
2.491454993009314,11.120802844312042,-5.02512719693924
2.9620227136709,1.0153889977818122,4.2627023216167155
2.074304207240643,3.8905455851188626,-3.745957831620005
1.9008858835813653,2.2354801354893494,-3.5137559953103703
2.899696768467972,2.3773282801693036,-2.942965101638413
2.7801833276299726,3.8715572686343904,-0.5979094139597746
1.4074632218323178,0.20050089740244056,-1.1640339955693215
2.045498577995721,3.6714101772327767,1.3527003828987456
2.1741711185225956,5.692399053069231,-5.911626587521591
3.255279322184529,0.5167080946923015,-1.135076437913597
2.925166977030261,4.334309978348384,2.8252020688143182
3.4024345353802623,0.718812467453974,0.17535796208000076
4.360985297471114,2.6988956512027378,-1.619443413482278
3.950612541051301,3.6043276814349037,-2.2634716845325755
2.3811742153128503,5.814050187777885,-2.363335584097901
3.2269406955558115,6.0457910994263155,-0.16979106992308834
0.8240855653900319,3.8620177223627072,0.4816180825924883
2.4777824049569257,0.5339034227826062,0.09940277737454362
3.380485248840812,7.866505439574531,0.4748040132803797
2.129940361793525,0.22153132880244206,-3.933258472621999
4.292035728426875,3.2353792080509565,1.825237027147491
2.8049660198079116,11.985633353971028,-1.9180273506983085
2.4902553375334007,7.1624183197201035,1.1915870673960338
4.599983375522686,7.744121884160723,-3.7970323215727055
2.4462241595853653,2.8418201047043237,-2.2794029688751936
3.3782703631740176,3.24042972066612,-4.371302954987696
4.013915810981165,8.588484722540054,-0.9791481014584916
3.4019298667574027,1.7940577943431073,-1.07542914685976
3.369577714824774,0.7839425295243867,0.2228610693533204
1.0518208039779162,7.69718555167781,-1.1743440354753296
3.1873043818261215,7.7983819029180745,-3.9587543027733165
3.580906696239451,1.5844497292621094,-1.4069011371654028
3.644721797966421,1.3109049122870229,-5.230919801611892
3.534925348232715,2.1691469205929845,-0.6410824959692876
3.828095174652338,13.423150221868706,0.18902776376189578
4.416418407576663,1.1595527030324067,0.6231100177520659
3.183825690258177,11.447607274042515,0.1454437775906967
3.2946497447628733,1.0151100644440119,-0.33902106842257396
3.327519439612639,3.326586844165083,-0.9250371654672255
3.5832050372017887,29.714195436746248,0.8329819467984974
2.159579555600864,7.3190286591145135,-2.804252912178952
2.5019208824283337,2.801857365681009,-3.5908556172642943
1.5721859243406249,10.625640005960953,-0.701726418938114
4.168101745762302,1.0450957630560278,0.2038639812546439
4.134398433394431,4.190359220283843,-0.11704410236515339
4.718451812181603,2.3785331417141258,1.1575621000312992
2.18889718520441,6.647241112256326,-4.000607976567071
3.444433851169599,5.482554789406753,-1.9086448012800061
2.118763646487594,1.5668549332619632,-3.488252654631817
3.3058628551784537,1.093955931775674,-2.6349411572654073
4.63988369819392,6.875552320673481,-0.44832147422777047
0.8070624874081846,8.823214350235292,-1.8552458435686996
3.9486399206297893,1.5737763864630037,-0.6041599789765747
3.479076639757376,20.010090429901464,-0.1689555490361342
2.9256871934975606,13.915633611309312,-2.420895513480043
2.537495443479904,1.1138635975819144,1.4421115066274854
2.0532409022411944,0.5717086451994133,-3.994998670500913
2.707359474595571,7.718283851510814,-2.0148636168561556
3.269246947298597,0.47397944206645054,-1.5628711738636039
2.0397034662170412,0.3014051180099351,2.4015356104308943
3.773230297465858,12.009467488921707,3.3602767546520758
3.159859328576803,2.229377519222655,1.4373400500742135
3.1212334729350033,1.25289347337803,-0.2930330504746761
3.0654808981500175,1.1871226284525442,0.058201965973048386
3.6495218134660443,2.5927770293632886,-0.5966506912151792
4.880426637760501,5.494498413519034,-3.4893957242679656
5.00968949765308,8.903428241848975,-4.048559379209134
2.7254362733152093,12.663304513833847,0.7332206683921918
2.8757585430095185,0.36073517531691457,-0.19876016482404613
3.1450797506224664,9.4948749471544,-2.1114154064026796
3.4854084765222857,10.703573040895124,-1.853149877599949
2.9543568321648594,28.050075997549705,-3.386619065503238
2.9002250913034717,1.6653282963775042,-1.0652182239494647
3.9414857839419355,5.948218791411069,4.616907083361003
2.946675363929045,0.5207698903858088,-1.374380636761896
4.494921949915775,10.411639956849779,1.0520482790142154
2.5864031366829057,12.962848713770637,-0.1530632047779834
2.4249002793024834,4.9693465177690275,-1.866226952547791
1.0240108350264205,2.6751247021409927,-0.965198417279086
3.3347996158297355,0.7894784719869699,2.1100525501425085
1.9821220408513287,1.6770682344606174,-0.5671428010241758
2.329293643114325,8.442676903211622,-3.331947663353875
3.653767489592849,2.8602174392004964,-4.065786641404216
3.8204166950581495,1.1375742069371264,-2.339111684058705
2.8402729338610575,12.718750097515352,0.8846070762161855
1.6129260117167474,1.4826404383889134,-1.5782857559048127
3.445947268708826,12.51572296200793,-3.003343554132164
4.1052647061817815,4.854145620107083,1.4338625895377817
3.243422348626408,0.857137481346155,0.19494018671259572
4.9118325156183715,7.21308902153177,-0.976654969422197
2.0078912325451537,4.679622471611303,-0.6938851054724446
1.5849842972964083,9.847751738364689,-3.3009641875628346
3.5500276704694684,19.846272061872124,1.006934705176334
4.5001498968687805,3.8640649864121777,0.2875016383626281
3.0490640223872476,8.805310693672919,2.304391066801189
4.429317848667825,5.006587203303697,-0.7034966217635604
2.814156738814211,3.114224779734605,-1.7077267614092597
3.2190009740479333,1.3509600094509246,-0.3496535434152023
4.162936112578729,7.883769733594886,-4.536379855661632
4.1878914844616215,14.015962795139032,-1.8633801451596024
0.9768742827899581,15.5115130327809,-1.985724667794948
4.289037842525891,3.928587791283276,-2.3766856169949646
2.6928465179736913,5.160865497409936,-0.16089075550912502
2.9569574887854975,4.699469561894885,-4.031861149565041
3.3079602551561766,12.17324025106031,-1.668167916656318
1.7490485901289161,0.22712751812700688,-0.1394380905505419
1.573700926096411,4.7030704610144145,1.9662424715719689
4.193246000504876,3.6586425987608666,-1.699806923099933
3.7985662482609523,14.37043269253482,-3.042861071646646
3.300964947596543,0.8959017901769353,-1.8294259955333532
2.7564775496704725,2.649711503288532,-0.8946572850600133
4.147476602885233,0.2018987187674453,0.7736559050743066
3.606555301905608,3.406892036973458,-4.741719373298156
2.9341554449048353,2.8879570181787355,-1.5983607473506194
3.6179278419128202,1.8998793085252,0.4525736970221621
2.2806983664932057,2.6400955618903508,1.699425326794929
3.7006813595853636,3.4326867728144177,-0.5538330368766177
3.1901280461781267,30.47006670972226,-3.7019639774339925
3.7136844288708226,5.175313958079121,-2.32538585373546
2.9574345762420102,1.6881028288137752,0.37580675402886854
3.5360858595782574,0.9708646989737719,-3.3650055508487204
3.4162295777573406,15.640156970546446,-2.252241230364084
3.781435132125939,2.617035776333769,-0.9928958566224143
1.8953126173725434,1.8426040192211504,-4.206448032282797
2.688621468678689,22.275122799035813,-2.4718668172958695
1.6788382432411666,4.795712413435174,-1.326337125363901
2.3955953343802507,0.8420305819020883,-3.372545671189091
1.9367966082764076,2.8577513930971166,-3.181859683205617
4.389236901856474,0.07085930773233723,1.264755277234285
1.045639763663787,3.56428577823229,0.5526791357287841
4.7825076904731665,7.8045521612848585,-2.845833693851791
2.6246448918857967,1.1425187899642002,-3.5864086224679275
2.365235225986443,8.904969665369173,0.6666883592588659
1.94211644176824,11.79500462116194,-3.3878893286508545
1.8702455206185438,7.416768522328864,-0.4282591222768525
4.267394457844782,0.28693106124852547,-0.18906582294972296
1.667014145368757,3.884529906536806,-0.3021814452442526
1.5206061516257037,4.041962740856958,-4.737148708249844
4.231913113008986,8.583449523543699,-1.8030392919146847
0.1269714414679184,5.696083833307552,-2.218349815162032
4.397913232874386,3.2169328460406508,-0.18283978357619357
3.692938193310154,3.766041742521042,-1.5338331062853174
4.289980228361506,11.07563949227649,-0.3025956448437849
1.7113308130545337,4.46673453825486,-0.9682006093341979
4.357230614419818,16.511521361112752,-4.0208041796194784
2.600405075971357,10.06629128259034,-2.227952596853036
4.421792816977456,8.692711274292169,-2.766128067920353
3.2351244393565985,0.1810320240782762,-3.9933481426650235
2.982068242467421,1.3627980265879047,-3.622492334069593
2.468222528258729,1.92905809851213,0.7301097191934547
2.416726222426063,0.0772476769096796,-0.3328796295177666
2.4763959298368654,11.576664662224276,-0.7016666197489321
3.44626934851604,7.366950495595567,-2.7773251061469373
3.4881722220196103,9.058421963977851,-2.889643043221917
1.7679513764875867,3.284076643970131,-1.091092713974165
4.007128349234438,0.8522983325119803,0.49487220060502324
3.2587518969298395,15.232300009782453,-1.6120556131176236
4.564232109130911,7.177996496691189,0.23852853097175775
3.009842025137503,12.994392380724154,-2.7559212314447405
2.438115445083966,5.930873249418078,0.06406483642227467
2.827613303705916,0.35517542903491484,-2.797839778660901
3.6052662071335,5.121730065214126,-0.9386528797253292
4.449325837832137,0.7013861440195359,-3.711481553183009
1.805131233360727,4.150337325369612,-0.6466533972536412
1.9090867416475819,0.9795693741153577,3.5131455715768167
2.011218113030365,1.7762075451022454,-1.7028611344398774
1.6578891764164843,4.196525417635492,-2.3169255069262524
1.7747127604344894,2.3857087990157777,-4.147184594406683
3.0239621781235897,0.9972879258914001,1.0467585246363704
3.9404836996484525,1.1845937010678877,2.488682964714789
3.697126481693358,8.337772239580648,-6.2294010049163235
3.6228272340225147,3.6897994585176876,1.1236548597625635
4.517958323521367,3.6552698377864044,-3.078482157328198
3.986112670889028,2.9307062945795863,-3.3675953466990807
1.4745471361203457,1.4854749362652866,0.7834073628945304
2.192402753463589,5.109824033597462,-2.5325266123243777
1.993711393800775,2.8920944779735978,3.4843358920541583
1.8430714805509307,4.302931317834131,-3.7105771037646993
4.559814523410701,7.162589312190621,1.42926133495707
2.6314730691308954,1.0099044431031685,-0.5882715694385263
2.8459191468606893,5.88607289917022,-4.647041070956593
4.9095815659554205,3.9695254428363924,0.7261008234637418
3.1247363755714943,0.9899731109321853,-0.2820635498395473
2.031857236415151,3.051037449494241,-1.9853929395364553
2.174746384036682,11.157364900029576,1.7954317058168163
2.0655343038080805,2.1143932882655943,-0.049202169473766544
3.146277126962876,10.425231218332133,1.2105476669896813
3.031865578761641,9.433093171663758,0.059412484813050837
0.06600454406434553,1.1500044591667067,0.4954195055997215
1.654232028098948,1.6789730901093944,-1.9135738565571567
1.9383365631899876,2.793198170186326,-0.03513775870481484
1.3759368691024942,2.786249322481064,-6.768514390158769
1.7482780616105567,3.528073382276706,0.05184057597331426
2.5920444301486216,1.1798567720654587,-2.2549194313073078
6.186564523504581,2.0302105358596014,-1.3454866218234727
1.9140578775076282,5.281606642804627,-1.5536284683348272
3.818749036805315,2.672292415771974,-0.8675172000853111
3.673880443634398,2.377656797110133,-3.97307682254828
4.337689517070547,1.467398215996648,1.4428569233427018
3.394182349873801,7.685680634609988,-1.878643683809802
4.4167901923005095,0.748956055154667,-2.0432831850199547
2.2476766141983173,1.8032124583856437,-2.972440984200345
2.50906440718351,8.536483852848232,-0.6699954561624053
3.3157006100607704,3.247278231163213,-2.6328297769967293
3.7484543250804974,5.16954077572999,-1.8564687015797072
1.4690829930658529,3.4938206358807236,-2.4695972596738867
2.2066068017312004,8.95449982148464,-0.22964730641339337
2.361293387218276,4.903410037342672,0.05369758750785736
2.276584795681563,5.576795679140989,-4.40645851063705
3.4660587442265256,1.8853716218000933,-6.712590404373193
4.329622602740936,3.4461904344681535,-5.2102347538842855
2.0438481419806296,5.585940459314526,-0.8818952549857628
3.078028474740916,0.6826004785119953,4.456841720455853
3.193720079397607,9.329567640665422,-1.299823204758077
3.822242363038154,3.236897552580093,-1.4868705090353957
3.8414709281109816,3.713404255062086,1.821434329947302
4.051443545280733,9.648956917550066,0.6969723739945963
3.330466001907982,4.63044039445792,-1.301131159656372
2.725570238939897,17.036700425487798,-0.9017401082140899
2.9234072789657906,4.655573679883742,-0.2687007642859358
3.3686244789591666,3.5565642032980547,2.3102291355798745
4.682940331721916,13.45785250708551,-4.518340491299275
1.6997964575775724,2.7400389734382453,-4.520853591814873
4.98566188696079,1.1745572574389391,-0.8586080093830014
1.59688131477117,1.1584857851342913,-3.1182807862031505
3.137998498313665,15.789684858381253,-1.8729658894343721
2.8544965563966684,4.002262374050101,-1.9160262654881892
3.332672138762653,3.26286222734679,-2.335826408220467
2.972554683900544,2.5787212310477328,-1.9309448981049115
2.126847864019238,4.282265347600904,-2.991763598530355
2.5091718649061328,2.057329240030585,-1.6667736744208206
2.854923241272727,6.174023698889068,0.8395093223183039
3.0597306917753806,1.148671320680231,-0.4104392768525924
4.862694559576272,0.34508300807533454,0.3139121729546064
4.66546229853071,5.099270546592399,0.4687322918454022
3.1718800376864484,3.160387315805475,-1.6331367623503221
1.5142254733579625,2.0293486377831798,0.9755298148992342
3.2845833182618582,3.3135904641289637,3.1218346718016416
1.5237514675693309,5.598727114077571,0.8795636918781096
2.0736125667003074,38.311314761654565,-3.483546599229232
1.4942331372667568,3.511259576662043,1.033427892823919
2.772913898247094,4.512209090046057,1.4111322409044842
2.418888265878782,2.343906869512975,-3.0068698713985915
1.4084520821414364,9.683149945955352,-2.3421300566963286
4.558166085276829,2.4704954246152386,-0.2919739706732105
2.459246264316435,1.487316944218418,-2.0560816760242178
2.848464757560273,6.072060287980607,-1.322778106919085
2.7780441353876757,0.9768868627486496,-1.91938694388768
2.2666264807471035,1.275627042695897,-2.848291191441919
3.6267662559321625,6.399885060080617,0.25756739608639756
2.728134229430024,1.343363850283969,-3.6954557544821554
4.019874137611888,0.6204113347302908,1.088745142608413
3.0906185518082503,5.155317660314767,-0.3871309339008131
3.0556178010652153,5.294600339172134,-3.433505935897868
3.1016981520885785,3.4473216365731947,-3.485353777335714
2.449432008595762,1.211861660495949,1.7827013903589664
1.4330534162784148,1.1475687615509476,-1.8772830586940272
2.6855133432095397,7.373524531835592,-2.0252502024266716
3.0815665425169145,0.2821941302376585,1.648671378491739
4.391710304454079,0.7824735349123086,-2.6715447526140106
1.6780034207763865,5.876800275127222,-1.6458786355984616
3.048732815916053,5.032766351245185,-1.6808071181938453
2.7201291253145694,2.793341530958889,-0.5794300922601877
2.5113897906373555,0.9755704048587699,-1.4952855075555147
3.9274086722707278,10.089017339418119,-4.395623601997402
2.159485346837074,0.7261483890323825,0.012235179906093796
2.7099115634717705,1.6799815903042208,-0.5793955897512088
1.7333267437181559,2.1632377287731552,-0.5058757021318236
2.313016837726498,5.099242838001972,-3.0265864488651775
3.734194344379932,4.453125219136323,-3.7594901015265947
2.9830308894353323,4.215416285472404,-1.1794811688802214
3.8121494938808755,4.76431282997148,-0.8293312237663896
3.3646866120614503,6.2658313942133415,-3.0084963276659056
3.175125660504902,5.283940834025658,-1.0500337730567115
3.7854836479568235,0.6558189463758214,-1.8065641283481915
2.9661622287263514,0.7448443957926287,-0.1898236854205032
1.84136205694503,0.38180317174532796,-1.3452832343977008
3.5392169967937592,21.99342514198542,0.5565464451980113
3.7569498531150254,7.454818866398766,-0.9881066628806605
3.4176320035004033,0.8816352674835419,-4.1764190056701676
3.828614546922368,5.47186190768694,0.6040961847521829
3.615356314754096,4.1505159200746835,-0.25062679562604107
1.940981474909735,10.769901868910182,-0.4021642085725189
2.8194485909911005,1.2144143633389057,0.7133993401670682
3.4607692058445023,3.081069070020162,0.7673634604086996
2.978102466486338,12.387784787169288,-0.40744368460442504
1.9632492090259315,3.1199182887258745,2.3285678391130493
2.5670392551936305,0.6978417861744691,-1.5685618348636412
3.001603305816761,0.2509680309116995,-0.03908096162422403
2.690947088870927,8.49980797834666,-4.692180894587859
3.4910801364127972,0.17872868125567878,1.7320999128979748
4.157329639712069,0.6077820604703997,3.2776617355436937
3.1609646445100794,2.701158039996292,-2.958978201549164
2.4647123441499694,1.0180415963636211,-2.5985626082677697
2.5794465038269183,5.79039252285839,-3.1044073688084435
3.4342815957036956,2.6097888829060207,-2.9847596087979693
3.825528130981145,2.2325149284860273,3.983416604887533
5.4922355078220875,15.81347996150069,-3.475246416597592
2.0698877662833874,31.989184766237887,-2.2207608840954265
3.4128582520870423,4.425456619237346,-2.200629298765138
3.4930374157554804,1.5141382807529982,-2.642975668375837
3.9561099229079577,1.7260082218517523,-1.5131761947372824
3.735224772243532,4.34121749181227,0.9249633077011534
4.612735796248075,4.2541120832625055,0.6219623102215752
2.4922374428009393,0.41338997053931936,-1.901170455112608
2.811731707248389,1.815496560960764,0.7328549460528713
2.339315529148385,10.627897706997242,0.2423017310351181
2.069390249887344,7.225211574753445,-1.58373728591974
3.0652989571637215,6.4649303490748355,-0.6622027765172976
2.6621039298788123,3.2383109293558734,-2.1140938976438384
3.5585816001640267,2.0359706974984864,-1.5279670648847894
2.4687619726976955,2.9536331728890515,-0.958422250391864
4.076509138487438,0.8725983101658505,-0.5727562620657891
3.7041673918459237,0.24839170996156876,-0.12647452725677477
4.115678603427585,1.5878627461056405,-2.8287501507422457
1.4857493640448414,1.4906346231687388,-2.0874207251374437
3.0330048751325376,3.5478718589550424,-0.936647908327219
2.650336476692014,1.2005973765139215,-1.7550619951807134
3.4124747209074817,7.055893576353237,-1.3176706353301593
1.9960496908678815,1.6182054328036037,0.26185701380388093
3.018126200409611,2.2670448886814034,-2.6356178959873127
1.8923947931874618,13.372182720080307,-2.1686495962990655
1.527467228102529,10.048106349366215,-5.067328874986691
2.616240015182699,20.977503974918097,0.005124158878098806
3.138585184459951,1.747754046137716,1.7809113774536036
3.4524483940098296,5.929354673020569,2.926050741501254
2.5379283137888926,0.8599947141127268,-0.5574254503258559
1.706201107217877,6.000372776447626,0.7506610306313597
2.2413178848428066,0.6506905932860235,0.9080578296396735
2.840740477354088,10.222160981747068,-2.5839885407673675
2.9169776583501283,6.377521778006564,0.2606705139269898
1.7405857694737552,12.427752221487786,-3.6913105501511274
3.6321921020069485,2.049696617530376,-3.7253399705099897
2.115813238685279,2.8678688621199093,-1.9646713534800448
2.7529563573286446,3.0047003081965897,2.855617827892054
3.0819542629472805,0.8117000859071567,-0.1497996216344082
4.30191341213628,8.816292704228566,2.0665676337556773
4.2992427736139245,3.9582379600203472,-0.5259739834193511
2.981250066210715,4.288839519922129,2.123470155395341
3.8135827264918456,8.857365181321395,0.06625075033870775
4.780129995270294,3.3434196129195377,-3.0859828710695303
1.356668142594819,1.427519105845023,-1.150025013712481
4.4588562859023275,4.219695571759303,-5.947080091669387
2.1275986208007738,3.7898810672900867,-0.001075757837219693
3.817768738571791,3.5074783635634037,-0.41653471095681904
3.0810534690844578,2.7868121420082277,2.7395533401757652
5.122948956287713,1.9227754322906234,3.295343235810041
2.250835299034332,19.142263986526416,4.110623985987289
2.5112099632286977,4.630237950566622,5.637442343377239
1.5992519049817968,0.0048843888592898154,3.8526698898158136
1.6767906983656933,3.080684628832762,4.21896683274663
3.990013149365524,1.107102124493655,4.142929728063625
3.4319059182582397,2.815612254872492,4.163082138544501
2.5397942166988394,1.6402126027443742,3.4294437371709217
3.6053220863095783,1.2372556388930132,3.553351535497045
2.171589336510192,1.7208122319632324,3.412476030352621
2.212388922177147,4.034055251507963,4.1742692706599955
2.3739311512021577,2.221912327615231,4.509548353537562
3.712531390188367,10.690420009211632,3.07388422516656
3.539080464134825,3.7380006817278186,4.649015636375456
2.2014936696881207,2.7599069199123702,3.706307517238489
3.9414813286291657,2.2547466322602623,4.048470864129641
2.13516176386824,5.767848867346201,2.960993410307573
3.39997419580395,5.281409177694181,5.2780376406914415
1.9843654406784317,4.815500279857482,4.305263638067931
2.1180747553911767,18.604213056565438,3.55209961635332
3.90932890705501,1.8283681234474791,3.960699595537951
4.116561716178752,4.468671607590784,3.8654057148379457
1.1100582471363574,0.16232169620407727,3.6201294482837767
3.9699629667935388,9.067297884645347,3.703558128174551
2.9133140522263776,6.7388792165297335,3.612732453858792
5.468843691486157,2.783402492987067,3.2007480356934837
2.961421209063684,16.699085779646555,4.396891202366717
3.2192359141847002,0.9211884083884978,4.430823451889178
1.9368611009610188,10.61117556675887,4.52118363130454
3.1547556505208525,1.668591222268422,3.57011658816819
1.551891018704123,0.2303153826290137,3.8220518321474986
2.667497842190585,2.077530888639239,4.33308321324512
3.9521266081429083,0.8337002922717192,3.7362566510836572
3.2933077487186124,4.06969502960164,4.090955269259905
2.608151071108032,5.121604826049785,3.731049500056919
2.8044177559061514,9.160902994388339,3.791596443093637
2.934008943185933,0.931206942178412,3.838238827763318
2.653316473130841,8.386669354843665,4.383768337692802
2.110042203886448,0.25874592019141107,4.580182710269996
1.7985708835841778,7.583686563966605,3.466032224471091
2.9923435718923943,6.943697763255358,3.4794507172651423
2.8443986802232937,1.7536765529908458,3.762322427316498
1.50240374328913,4.485139061605242,4.401712938452837
3.0249820075589,3.967421424567103,4.216983551211873
2.4794264240627886,0.28838967934215876,3.3579493600711023
4.697103034684161,3.73936381015423,3.5473617750571544
3.8905246985669826,2.619089458101243,4.66588674724105
3.2931475495058264,0.025077972206098538,4.370407037266546
2.685712057204143,7.432212213475005,3.6550274298349037
1.9933508487548524,7.769192524435857,3.9642478479374814
4.055149682729451,1.02014699888636,3.6953188907265626
3.0198465255187688,2.3804185955618418,3.3042402839899494
2.9793691695343654,0.5093523631452372,3.8381860677482336
2.721377257860745,12.452002110944509,3.431776194660893
1.5531808757007795,2.3526837050571903,3.952468420443223
2.896954306068026,2.472648097315374,4.303375110269057
1.9802854091694557,0.07602561610406144,3.5890151247087205
2.8824193430482254,21.269126204219173,4.555207349545457
2.8549216739749417,1.8065400108149063,4.474378128533844
1.7043758049704467,19.289738907668116,4.176438450917037
2.5321225986726725,0.7529908795846875,4.21031711172772
2.412536275047535,1.4574047190710755,3.9938101862440782
3.532497138931028,11.742652224425719,4.099063196400574
1.1792148594147187,23.430045564860237,4.266578125311711
3.724491234325632,16.139393476018856,3.9335511668980128
2.5262721229412723,8.821654018661189,4.633708379969495
2.981461382626788,9.025804229103493,4.086505128146321
4.960178533634361,4.037073708697591,4.1804321203938155
2.139023621350022,3.7878048364455275,3.87937144845956
3.7516869105230715,1.204459007266743,3.580912402442328
2.294681721500114,6.758981411221338,3.88095682287992
3.369393737390891,2.7548558576437547,3.9542563409821936
1.9185382975923795,1.9840623772762724,3.8414631420457455
1.7280424098110039,2.125848135989505,3.7094568148814266
3.605378808921166,7.590716680445038,3.6706131082939173
1.1716026455980395,10.295132067701893,4.6037218878277875
2.5637205199985864,0.6819550917326176,3.9425065401763577
4.227019644119725,22.79019597418548,3.46663844305985
3.351729342264174,0.8831122795019474,4.4834016073342715
3.120916555383127,3.969426438465653,3.5764107105641174
4.328635447596685,1.4171540003874294,4.441350428667341
3.0669295282295876,2.7169912820098876,3.747198203903684
4.733171602060826,1.2918447836739955,3.8287548245200544
3.4027169688061565,1.0797822167111408,3.8496246195998576
4.178962446932025,0.09534218193435516,4.048342119336712
4.886623473847318,6.372264056346356,4.2619693374756125
3.1022953318623934,3.2134881937265884,3.889425997227752
2.0652244526543413,2.5792504671613727,4.434899612623666
2.359900257539307,33.1167684870197,4.434668663391641
4.898257396234639,4.600019219711924,3.6014667456992795
3.445708054770906,4.234402960640897,3.82218094438686
2.9627995117263346,1.4407398261797892,3.7686522922639107
3.4536535788145373,3.0752898304193588,3.9216264148748503
2.7709627567424873,7.3105542212752255,4.319074450820532
3.8018574913839136,3.1354577790918885,3.811821481875455
3.273571308990534,6.33592653797626,3.625289758356373
2.22194755142837,0.9797974440662284,4.335187947283939
4.445618775484666,1.4059781166363414,3.3160001082823545
4.070592807638491,3.951674294598324,4.568940842845676
4.95659616921584,0.639761257389147,4.449125114964781
4.2699894999387995,9.944771197024355,3.635162932246061
3.081789814138869,1.5174430035314654,3.9140121865027075
2.600976939809381,3.134767791667894,3.3512057467580223
3.166491032115294,0.32245214882333567,4.561754191912033
2.7638912241655524,8.018129132184232,4.0131007977578586
2.9630267773079955,8.873079364810685,4.413470542817008
3.2102955769233574,0.6465465384031324,4.746369886484569
5.00204941857698,8.614970317862976,4.154252030022702
2.907973397862021,3.636922931018138,4.784677987020621
2.604045467269117,0.9466330145204517,3.830127024479883
5.117305487819117,11.617724784574925,4.015408024762064
3.14636042181833,2.2833806125107308,4.0803567872316835
3.8904419389548877,2.080623611016747,4.168578053778992
2.625483763078521,0.5673490767344378,3.1354655716050486
1.7430641176829238,5.89195909303106,4.329257088977876
2.3448301123341917,2.8305918105083805,3.3522638182651816
3.756809338919185,4.10259237818856,3.4740454985691187
3.595560531528789,2.833537606173593,3.969223397039773
3.1866393888372726,3.604152845415207,3.532922815623778
3.1863604918691864,0.33845337003363374,4.071686070383224
2.481507293688303,13.664788843596565,3.8239091593524415
1.9797526883872376,5.6343148031336066,3.9981654392787918
4.312023762985872,10.630388733387148,4.21595163797054
2.4978641803942327,3.3478322256225326,4.367052104088327
2.43921934791027,8.245823768421818,4.229125976858204
2.8029344793150415,3.4475087558430157,3.616827290739364
3.1736728808116736,13.372640140417044,4.801407570041685
3.5402647855784037,10.982885402754075,3.9690845195159516
3.104112373772179,5.478301361925862,3.2563179685916497
3.510047048376296,4.829935224739851,3.6687383210911424
2.501872994903126,7.541824915439009,4.465872242501181
2.869333445539459,4.856807741769678,3.0537396660894927
3.7191337202554373,0.6120631656833391,4.187540525399276
2.0994998210511673,11.524918363312583,4.752555537403262
3.2812206715253867,10.542493453996233,4.5581381397024145
2.4071870898345957,10.78664672999966,3.557340788597685
2.8934430780626825,3.3338211172125383,4.97468739355473
3.0184199366682654,10.936862670531804,4.570678165610066
2.1201090759247587,41.7799444382101,3.0532448939481864
2.9875419404566887,8.964038112369463,3.9867314031643586
3.9892009246956164,3.991229501874778,3.652281531284726
3.3893601691990667,6.317224605552737,3.924944820453512
2.10404954451387,11.205472633672255,3.608118862262362
1.689187787618877,4.010805062814437,4.354312581239421
4.3817732498417445,12.809884265599642,3.9299149681644403
3.047805122253527,0.22729934503767885,3.9195956581618905
5.576319693724111,0.7851298001873407,4.3719534271384095
3.392902796904023,4.014206018061259,4.082676172541023
5.162520915758785,1.3039423305277853,4.374019577081522
4.999553844249126,8.804549932527632,3.521630553436854
1.963939499922426,0.910809941337838,3.617824253383289
3.1443971545657097,4.134776821186728,3.9413228426074407
3.320511997749732,3.8759902126003576,3.6703646212859034
2.0930641186149277,7.540635554639509,4.422202838751634
2.878435703114808,4.57076404502054,4.2872684294127215
2.566044119639499,0.6417212524634995,4.659853212165448
4.233636259348669,0.5716169637555033,3.772751047169152
2.9039132128393077,0.6235991058638954,4.1951288738160875
3.3642397043478254,9.05645476266975,3.7087410716414317
3.1517513844118272,0.4996770494345731,2.9829079470164546
2.511492944414351,0.3421106281074024,3.373294863823711
2.567189104340723,6.2339914194886825,3.216714912698719
2.7873796613642576,10.998158259559602,4.151271599382728
3.886437228154335,5.68990892161653,3.9411521140392636
3.7629019165760766,3.4835875430284857,3.9883743934092357
4.551246248136197,17.952836191466442,3.9555114786489165
3.501427180850532,3.7714475390767483,2.6642191883210913
2.249508898625143,7.648028806165464,3.5693865061116243
1.611748345386596,3.190427572794396,3.5643620568041396
3.5399299829191735,4.852400145251047,3.4130663780261856
4.2094400636341165,1.482358900348851,4.916552992445542
1.6856633715015363,5.989474908249434,4.888568560212616
1.8061331364858968,0.40577737254814616,3.351987988355524
1.9108067706609202,3.108336909986848,4.673564585670268
3.8942423786588374,16.283385068189094,4.585918314590363
3.227419634237538,0.08917391750871474,3.5051424893732395
2.9348447205498043,9.998035433974371,4.05210775427004
1.8567952412377629,0.14940248610987256,4.059026809587838
5.335301572119919,6.963371160326151,4.092275828087106
3.8336573672937115,5.218611282684345,3.3361228297460204
4.082241304352637,0.8685626778569145,3.5927718300067957
1.7248187481572819,8.207606453882457,4.227792665718757
2.8591647407094234,16.33571896710016,3.6845522480405575
5.030401096794332,9.969015241777774,4.1467030968501915
3.8099277101476154,7.120412705042254,3.695518064197086
4.265083103424136,2.407353319915276,4.108938303296884
1.8393256604553676,0.15897257937815698,3.3490929117288557
4.376909108132624,0.8221758158895727,3.7331059745458206
1.5625731265984089,2.4189096105837278,3.6956896177897685
4.269261005078671,2.661694955346628,3.4648579582793992
1.498509983878252,4.4201872884986955,4.428749669837255
2.9802572265518004,0.5077092392690351,4.258027841491828
1.4922755370542842,0.2714989601198929,4.323879666553188
3.810100449501826,1.329705742816543,3.9801647474003827
2.135253379102495,0.27573287120734796,3.0123264211690692
2.1085294046874283,6.316234697934652,4.308382544844525
3.6555989044939476,4.545930208545903,4.462304883037866
1.2822054681881654,1.2800214029704517,3.4127973542485632
2.0470778297943104,22.077438994512214,3.5478019827565346
1.5020176919156958,0.0009230255307776583,3.960567023919837
3.1280062893627805,3.928262604866025,3.9443146604431023
1.6171094332842744,11.308356736380158,3.8215689965181223
2.5465467790466603,2.53050970474494,4.497489360746307
3.337602748774129,3.1348108831431745,4.3059330895967705
2.6167457869408617,0.40972330897844267,4.064740289996883
1.4608342653626292,1.8511338680086697,3.8439128044663353
0.9035989924908847,5.41438847627472,4.283637652515818
3.0965901054287026,23.315487566899314,4.1451863083787455
3.0723953606969334,4.516275674196488,3.6407583483851456
5.122130458768474,1.389859412538836,4.255504956434947
2.1159233090188097,2.669694615241509,2.9472472397827234
2.410467443253049,2.5355685833350865,3.237272186385683
2.357479470897183,0.22884022639063015,3.5296989253351816
2.400810588857509,1.9756556134705923,3.720329873990364
3.3439133556449976,16.969732386514316,5.406762463817617
2.5145636601892547,2.6304936924581575,3.0675515325666316
2.0854007651660185,5.668375645810951,4.020696128023462
2.9391366983083858,9.392217660294417,4.444091250391324
3.86203122837734,7.813237132445744,4.405947970455855
2.6947729368503692,3.3931526517397397,3.56554479642872
0.8930185552303076,1.3165439858289107,4.177552631190502
2.1102284762679693,0.4905747012029664,4.406966075054569
4.249380845445845,1.5378619226529748,3.782531451769078
2.9475299609171577,9.946829523825988,4.802625561689472
1.776934032409515,7.4667563760776625,4.750681477098356
2.492346592418445,11.835255543139674,4.202570777218552
3.140765741580771,0.46688341026438573,4.049760135267454
1.8099766047546986,2.5555433759743265,3.922544995595689
1.4819208879677976,0.28418495390820686,3.7780267407535906
4.329661740790338,12.527562604984057,3.952703885901597
3.5736532407709807,4.933476662088696,4.150327100706756
3.343913108422318,2.2797103452330396,4.620982150653404
2.769973828920175,5.649038030149697,4.701957251243375
2.9530489293428546,9.102610286071966,4.29603336132247
4.102083397049782,0.636370158706081,3.8244163840065983
1.179488140017138,3.822442988521808,4.319507262028621
3.081495076580958,6.643989733592045,4.063398440574883
3.880246355712483,2.165606192812412,4.438727980493414
4.0601870563463205,3.2928386083386982,3.9097115843627956
0.6626610643399644,2.9999246652637126,3.4200776599135922
2.3088814208660287,2.198748709245059,4.31260163771033
2.829718818989842,0.04764518155067288,3.242826845761459
2.2175153066152085,5.749778513998251,3.3691745960117476
2.641551805922179,3.2085281586664833,3.5654028817255528
1.1861610804899196,6.466756061396639,3.791105808857084
2.961910390169376,0.2812144253321845,3.773297333699837
3.115562267368413,0.8364371527662566,3.6479458576289803
1.7285803021446955,3.1086807446270113,4.168308658779601
2.248373463366387,1.4994036712987648,4.02961179918129
1.6034142479242335,1.7840113920949385,4.429803096095932
4.469932588737683,0.5748252018849392,3.2681139398814123
5.081305583732625,5.93879719683914,4.144515009835271
2.122761600527742,1.8203933741538236,4.516778842472969
4.266340223680943,5.546885174714953,4.5352207274438
2.7046781662049133,1.5423397932768252,3.090764478993098
3.03313631092544,4.000922647210503,4.296317255061519
2.7032045163160445,5.938744938087954,2.88801394700355
2.806636498307022,17.950338297667493,4.071289524771705
2.6997517013973633,1.145515886142231,4.408512777610629
3.75572451218706,6.7129530641780555,4.261728213110975
3.4718738103285083,4.954098786157454,5.04823138780168
3.9159624234602646,2.4418455413647693,3.833531428695888
2.499365958461305,7.759052958331456,4.13696935146073
1.4229661634114712,17.939504442711716,4.154305658844246
3.534513148538134,0.6801532118133101,4.736383057421515
3.296090080812878,1.0356718272223981,4.1024467359046115
2.808019552646866,0.911843123610145,4.345030244801938
2.1631371539723725,7.079891387444479,4.4467302697137905
2.8259113645023577,8.59435674988182,3.930849688494713
1.7048451738837531,28.08325975621633,3.5139959656411572
3.460818280459769,7.471234546502768,4.41285161999206
3.11453001267816,5.4751669565851415,4.653769698003757
2.925539678096098,5.774190283581096,3.3288854088332407
1.740299998635933,1.0735891104026427,3.5885871409722245
3.0114172118528564,0.9902345332923977,3.394244866278791
3.0403618489417603,1.79820920917817,4.455089422120557
2.968463078155903,0.7653746374313876,4.39858181768425
3.4776900924577174,2.6075851243528843,3.2695733253987482
2.5663869130389925,4.236562685729426,3.2222317179197173
4.464812074248189,2.905235334045116,3.9276570565674036
4.288867023448366,5.461804612373688,4.110031584332482
3.056735584974736,1.974751994335189,3.7707610021214317
3.2920171853149918,0.01319566326825383,4.154250322066263
4.10467399254056,3.366384051906333,4.787419192383665
1.395372409097809,0.24228107049501488,4.256650956816538
2.7435136020060327,2.3053630272566985,4.439012094686938
3.5759227962264086,22.62325838050282,3.357798332455452
2.3004540255772934,1.4425135380202785,4.304129149420657
1.92811723389023,0.7875519558215047,4.3343127772708785
2.8005697918750525,9.047448301685948,3.3315091406682362
4.024545931787885,7.076433032423854,3.6909811597666677
3.806700117901771,7.661711830425308,4.111611399867827
2.749586961451794,1.4637327314139452,3.733272192480175
1.918659497774827,7.023574141459496,3.7750083524141838
1.891311512751849,0.4552869777707007,3.5395997719625782
3.336165130939498,6.52895019721428,3.9815652612005024
3.358434139380626,13.413929480865491,4.717793468649659
2.6449177373436505,2.0073915611517075,4.388064995233726
4.231191025198751,1.1156781549247585,3.0213684232954083
4.186316256414971,1.48312475388767,3.6553110862240956
1.7214304995753416,2.5841978294488794,3.7331130973123963
1.6858727336389578,1.961969690765587,3.7080225853529707
3.158574022727009,4.245233112167116,4.210975362196751
2.371587791213807,8.892928566385478,4.121316366367321
2.4779059733420983,3.165597437766594,3.8600324332952978
3.4492504825308785,14.521499783774614,4.557578004052144
3.0292557433673375,1.7202379510374168,4.533176747348431
2.9592377455662287,1.7164952917954248,3.395130213773263
3.5964681730123753,2.1394549912640466,3.451703670922209
3.49303122122091,5.212971912551904,4.111704202201947
2.59626401725085,4.744694182042269,3.786567956959413
3.4545155765274362,10.51857581552256,5.298923541450639
3.0798678381024565,3.3107578786631,3.62196816527202
3.639091880925087,2.002993765720642,3.6546241928675514
2.85674449153318,1.879217799448887,3.763465136223535
3.3817793852002014,11.42147359199834,3.8969200414141887
1.1742277964271277,14.092370176562891,3.811061521880019
2.2675893480555147,2.5802307057673026,4.492435639706976
2.916263907765799,9.631739110766057,3.754843322514099
2.3565765919898323,2.9793404409198776,4.415979759332172
3.387528853449004,3.2280851593610986,4.245202992690669
2.590338835628666,1.0744441338452364,4.134259964939855
3.9987129530597887,2.4366221036538636,4.619704995028304
1.9612956897665892,23.36748776413819,2.950116104199454
3.4864508577093867,1.1540715859112904,3.624181967051478
2.4818549107196253,1.6577940955178798,5.034078918236283
4.639425518352071,1.672063521448575,3.5456711092953728
2.2278997452500313,7.736601552147331,4.050945494543956
0.4888403018096379,6.435565815534535,3.720952075881413
5.175119944376723,3.2387617870203105,4.161304464868061
1.888206306741888,0.8563748028274094,4.085356451483794
2.693297772864475,2.603713561036607,5.138673168009912
2.8461466747666777,3.9735390894750795,3.780216305812473
2.6358396987036494,2.9458277789728786,3.82612354253438
3.197220854122152,10.464025949434488,3.9465631973661974
2.3997575347641673,1.8156936213257582,4.939224497994388
4.052488384443729,1.0613782710501787,3.890739776903912
3.0487744237170307,6.3246011053968285,4.114539457492929
3.9246951001462116,2.433847604947281,4.646677520281534
2.105134160988891,1.9079148565634674,3.7802124151745664
2.8900595919469962,12.875039621559921,4.456409242905519
2.9847675244882352,2.033889380675497,4.236116922153373
3.5992587084313787,0.17303302387972463,3.1342079302267827
1.933326651721921,3.1388682401335792,4.50366892477528
1.5016151355490108,5.2262063460254184,4.492550598405668
1.8655369587438364,2.1184569762240315,3.16250920525273
2.790522567954318,1.411013112875898,4.759830206335016
1.4568628369304728,1.1470197749934554,4.2264527120931685
3.5709040601300206,15.218616985886582,4.7081876107545755
2.8689945291168364,1.5999399311306937,3.813579080285907
2.0208915026115393,1.2388241305007865,3.674571451562462
2.4680747922637223,9.969762638846175,4.395682571909026
4.0021533156378695,2.554385285927352,4.333451885665007
2.4528101311036195,3.8152964081244987,4.066057760909681
3.860898626424173,1.973498993561193,4.1081821258232125
2.7487083198404463,17.455239243814713,3.7045801860763925
3.895647787715627,0.6657988328856552,3.7625199919239964
4.159981960815313,4.720269406599496,3.7941962773462135
2.2650801361597046,4.977835481068571,4.166997715833914
4.520614892937946,2.864459489366885,4.301465077320206
3.940014334197782,2.837350690242915,3.9852847183788427
1.4538387376967923,3.2090412352188604,3.5630617357485797
4.55259510949881,9.0391297802574,3.7283873897889817
3.5334119165799605,2.8137980461686958,3.0923733192473217
1.8287551924178789,2.015127473596948,4.391947531087167
3.685644942700807,6.925017285251927,4.007013480655749
3.94211694439675,10.397718013217144,4.0839950494423665
1.8276906187092647,0.7566100161381293,4.13812500890036
1.4016363994279253,2.529979019889022,4.308240623190372
3.3218950871168382,0.9797705136479442,4.317685799277181
5.235943806787885,5.138166824662786,3.9598494062408003
3.018149500487397,3.2121696144804734,3.863749715900186
4.320509550260428,16.760254691666432,4.070172308846579
2.2332167519463377,0.2631217398662298,3.7165610403741822
2.9500565478777343,8.251621085300668,4.270288267885207
1.9470982035713469,3.542778147861136,3.7249267303079923
1.5718934941692926,2.5014753688312155,4.395793433512273
3.1989128929601347,0.39160463333419837,3.533776890635282
4.628285390501246,0.9074599020527925,3.7384674905928015
3.6267216033018546,2.068459724330472,4.8883644390736025
1.1570314035328437,3.2334061398472085,4.86613917945277
1.328219172360849,8.502626612265955,2.98963935157114
4.199196965591176,1.9815282758562511,4.025258498541977
3.4615386173781935,1.560208548212767,2.86125126903328
2.8928991655994722,5.601959419837984,3.571755591284633
3.8807471878720805,2.8695941633923034,4.580851619034291
3.777755911809012,6.724400090122991,4.545260157881845
4.040845405115447,3.6177063025672025,3.728003792297808
3.33250700505081,0.48788276987442264,3.6002181678572733
3.4961763413244977,2.3740998509327,4.673101388031175
4.833257926493613,9.933779309672573,2.7261059115327253
3.409662215419917,1.9650451284898356,3.1991305686974267
2.986771293247844,6.235658313040212,4.2666682042851525
1.369571402033069,7.352077728899738,4.1402672617023475
2.511780758482392,0.9951161238569075,4.548819570079255
4.784231189737861,0.04001542080569685,3.965814690872614
4.932332150340782,2.3646775318372706,4.53848178269644
2.8530177420509997,8.828667910214069,4.906806138590423
1.6227953709929739,0.6907183523521485,3.890578179143927
2.9380554449470835,4.345695819631488,4.651153664672302
3.753234219188859,0.7790638959346207,4.824694694650635
3.2096095320733835,3.2089259890785593,4.439076143536581
4.175721865063369,1.0716110015793558,4.460966509383564
2.1652112502339986,5.506485566680725,3.997134418991505
3.2255496432534514,0.6757552909248642,3.3294276341820375
2.0012219820891226,3.2312059107104156,4.907332169356313
4.173759827569821,1.9615183927081257,3.9234903425857093
4.230678352407071,9.58615334242747,4.346739724682248
2.53006415904933,1.4279814185894302,5.198398913926548
4.475081615291378,0.25655340895701195,4.808284534510872
3.4239533148752486,8.835655752072487,3.594116251634705
2.651891941877179,2.1969871425212824,4.36170714401818
2.266589715800248,5.875897307599475,3.0892107874047285
3.1801370399021107,2.6785462827174644,3.8152943219883593
3.9552700899688498,5.3614148880587775,3.533540380759196
3.396894681531286,0.374277861898639,4.586319554948776
5.3165202200904815,1.3671772795042343,4.7946861259990525
2.932043060255353,3.4665055981091313,4.163633195518669
3.693083663428052,6.026395227277462,3.925906789018354
3.5591293598469846,10.404453145974085,4.26390179507661
3.2627335489074736,4.695463593864553,3.6223829599123194
1.6534870200318408,2.8430860003406333,4.1354288114491995
1.2136486366121424,0.9288845849197646,4.067249821932417
3.2628541853809647,7.630787452168727,3.8287583569558303
3.5526239054924584,1.465882666843875,4.214280130909231
3.2058480380370766,1.7229970289109042,3.8236744792763577
2.232985353850541,8.203212313009494,3.758478852879017
1.2336681021273388,15.954327525482041,4.774239813113966
5.082537690103541,1.7526806643110107,4.847065620228948
3.306356100283939,11.56225429589152,3.6634335650478946
1.947417571645913,0.20269440077369544,4.61310962484967
1.9650031077804884,6.906430515939234,3.785075871013184
3.3951510437248618,1.7066529293110835,4.006532021169722
2.99147853612689,12.90887379627205,3.1798575540493133
2.1574117510081283,1.7126403110395554,4.279565478958363
2.9478756015236667,2.387193025348192,3.9374074400179393
3.138588466279838,0.9721287365064999,3.858097900959723
3.4352782618370656,2.3957746975184158,4.3508419885194725
2.275556159783284,2.6876097868058277,4.382842225091036
2.6289334251364136,2.1597023004223237,3.640443293122535
3.075565556686348,2.5176483650758175,4.018837386753985
1.9933035873286584,2.2505636505623055,3.364263419172184
3.041287100066344,5.721658779263812,4.220797821596117
2.987716742249802,5.516580384306483,3.38983850722152
2.167988783995381,0.7077438039129359,4.009078458840577
2.7907615214472794,2.7913596555373736,4.125670874733793
3.504505903208882,1.4113571268473315,4.037312081567577
2.4370365405238683,1.2413843241042497,4.3383859968068
2.648363705125497,15.005187349672962,4.213892972258522
2.8922071162350806,4.799340941556592,4.275873038523554
4.093683322617097,5.657888424504073,3.9656814422724067
2.4843820207198286,0.29447932572610624,3.956215492041286
2.0402119423361,7.38603066799563,4.027894033177732
4.958174336672343,6.802653466632592,3.9216802971247082
4.083334903502555,22.711191892935425,3.9807059363761104
1.7127732798485897,9.328980869172618,3.326282293416111
5.027007009738604,1.0148037050671677,3.735130825964229
3.0752254560390777,1.3649837454825606,3.8112189799430345
1.453304698896714,0.859978674658588,4.597547456559785
2.4598094510605195,0.6637877555123034,4.2205585394378575
2.087214532620486,17.77479835351527,4.474460867492686
1.3605756045205855,3.484416288694651,4.967154441846337
4.072451336799908,3.9466064880985883,3.254675481599678
3.1539960280212034,2.392871602970883,3.3649850938039076
2.9463629036169703,1.0806036469987716,4.324741934653069
4.5977167775219785,16.00430766864438,4.327569329603898
2.157712136595719,0.5707654939737836,3.8929870182534096
2.8710203249917194,1.3454252763745311,3.996680618557475
3.4004828758250385,1.85365428670878,3.6344865670595325
2.819083185807015,7.938718877766514,4.443576782094506
1.9339792933548834,0.24568064192836428,3.7954535550270476
3.5502545968400314,5.567178242354421,4.845447295648897
3.187262591610134,0.3311310313384738,3.8184902933100813
2.4055755280688516,18.009352426319772,4.47487900388433
0.8038913655723308,3.9212373649426806,4.4766227838736175
2.1617040037353217,6.55593772522574,2.860143765520923
5.774774961251145,1.805072608024291,3.2254082475511656
2.3201052469348156,2.081109463515412,4.044845603673353
0.6973115873891476,1.3901176756364066,3.8887682513984045
3.1599890164442317,20.5778270324479,3.926495413659073
2.342436591355105,3.423274343164608,4.7750468857831185
1.653355896889344,0.4946312174891333,4.511119693958774
2.0261038687235935,5.569555455267503,4.6778667779538905
2.0462801519607967,3.668583316647002,3.522826484791777
2.2830666678749196,5.141776105942385,3.5316948512748394
3.2341393868937427,5.552721540243278,4.291154014184424
4.091440324375917,9.037429692839448,4.1953237600418225
3.7244389096551567,19.507382543445463,3.6275914602494184
3.4683074368588107,1.4203403128260652,4.141779972189411
1.6797651170949466,0.14154129554674652,4.460697552062978
5.353048764502507,2.8217303702599636,3.622892224973996
3.4043227919792978,4.078344074888802,3.7893218155896182
1.9658065415021084,4.0252797901747925,4.014816084299988
4.3946396911733,1.1594120811941,3.97469060613794
4.034680139617667,0.16428737552573267,4.146823427911674
3.363874768997208,4.24851443684826,4.079830776687233
3.9268244733888547,4.311197317126728,3.579185079490756
1.7505396858908857,1.4347777429861566,4.192816928643947
3.35116469434167,0.08800584701261754,3.3539801586207623
2.502565909314593,6.483797792415517,4.0393532314812735
